country,birth_rt,currency_code,fertility_rt,infant_mortality_rt,life_expectancy,official_language,physicians_per_thousand,lat,long,ag_land_pct,land_area_km2,consumer_price_index,gross_domestic_product_usd(b),primary_education_enrollment_pct,secondary_education_enrollment_pct,tax_revenue_pct,unemployment_rt,country_edited,continent,covid_cases,covid_deaths,total_area_km2,average_population
Afghanistan,32.49,AFN,4.47,47.9,64.5,Pashto,0.28,33.93911,67.709953,58.1,652230.0,149.9,19.1014,104.0,9.7,9.3,11.12,Afghanistan,Asia,46498,1774,652000,38673974
Albania,11.78,ALL,1.62,7.8,78.5,Albanian,1.2,41.153332,20.168331,43.1,28748.0,119.05,15.2781,107.0,55.0,18.6,12.33,Albania,Europe,37625,798,28748,2865340
Algeria,24.28,DZD,3.02,20.1,76.7,Arabic,1.72,28.033886,1.659626,17.4,2381741.0,151.36,169.9882,109.9,51.4,37.2,11.7,Algeria,Africa,83199,2431,2381741,43621542
Andorra,7.2,EUR,1.27,2.7,,Catalan,3.33,42.506285,1.521801,40.0,468.0,,3.1541,106.4,,,,Andorra,Europe,6712,76,468,77230
Angola,40.73,AOA,5.52,51.6,60.8,Portuguese,0.21,-11.202692,17.873887,47.5,1246700.0,261.73,94.6354,113.5,9.3,9.2,6.89,Angola,Africa,15139,348,1246620,32569069
Antigua and Barbuda,15.33,XCD,1.99,5.0,76.9,English,2.76,17.060816,-61.796428,20.5,443.0,113.81,1.7278,105.0,24.8,16.5,,Antigua and Barbuda,The Caribean,0,0,440,97694
Argentina,17.02,ARS,2.26,8.8,76.5,Spanish,3.96,-38.416097,-63.616672,54.3,2780400.0,232.75,449.6634,109.7,90.0,10.1,9.79,Argentina,South America,1418807,38473,2780400,45154848
Armenia,13.99,AMD,1.76,11.0,74.9,Armenian,4.4,40.069099,45.038189,58.9,29743.0,129.18,13.6728,92.7,54.6,20.9,16.99,Armenia,Asia,135124,2164,29743,2961644
Australia,12.6,AUD,1.74,3.1,82.7,,3.68,-25.274398,133.775136,48.2,7741220.0,119.8,1392.6806,100.3,113.1,23.0,5.27,Australia,Australia,27904,908,7617930,25695973
Austria,9.7,EUR,1.47,2.9,81.6,German,5.17,47.516231,14.550072,32.4,83871.0,118.06,446.3147,103.1,85.1,25.4,4.67,Austria,Europe,278182,2904,83879,8952532
Azerbaijan,14.0,AZN,1.73,19.2,72.9,Azerbaijani language,3.45,40.143105,47.576927,57.7,86600.0,156.32,39.207,99.7,27.7,13.0,5.51,Azerbaijan,Europe,118195,1361,86600,10100550
The Bahamas,13.97,,1.75,8.3,73.8,English,1.94,25.03428,-77.39628,1.4,13880.0,116.22,12.827,81.4,15.1,14.8,10.36,Bahamas,The Caribean,7517,163,13878,392158
Bahrain,13.99,BHD,1.99,6.1,77.2,Arabic,0.93,26.0667,50.5577,11.1,765.0,117.59,38.5741,99.4,50.5,4.2,0.71,Bahrain,Asia,86956,341,780,1614600
Bangladesh,18.18,BDT,2.04,25.1,72.3,Bengali,0.58,23.684994,90.356331,70.6,148460.0,179.68,302.5713,116.5,20.6,8.8,4.19,Bangladesh,Asia,464932,6644,148460,166347158
Barbados,10.65,BBD,1.62,11.3,79.1,English,2.48,13.193887,-59.543198,23.3,430.0,134.09,5.209,99.4,65.4,27.5,10.33,Barbados,North America,276,7,431,287274
Belarus,9.9,BYN,1.45,2.6,74.2,Russian,5.19,53.709807,27.953389,42.0,207600.0,,63.0805,100.5,87.4,14.7,4.59,Belarus,Europe,135008,1151,207595,9457442
Belgium,10.3,EUR,1.62,2.9,81.6,French,3.07,50.503887,4.469936,44.6,30528.0,117.11,529.6067,103.9,79.7,24.0,5.59,Belgium,Europe,576503,16547,30689,11547420
Belize,20.79,BZD,2.31,11.2,74.5,English,1.12,17.189877,-88.49765,7.0,22966.0,105.68,1.8796,111.7,24.7,26.3,6.41,Belize,Central America,5743,147,22966,395536
Benin,36.22,XOF,4.84,60.5,61.5,French,0.08,9.30769,2.315834,33.3,112622.0,110.71,14.3907,122.0,12.3,10.8,2.23,Benin,Africa,3015,43,114763,12031020
Bhutan,17.26,,1.98,24.8,71.5,Dzongkha,0.42,27.514162,90.433601,13.6,38394.0,167.18,2.4467,100.1,15.6,16.0,2.34,Bhutan,Asia,410,0,38394,751176
Bolivia,21.75,BOB,2.73,21.8,71.2,Spanish,1.59,-16.290154,-63.588653,34.8,1098581.0,148.32,40.8953,98.2,,17.0,3.5,Bolivia,South America,0,0,1098581,11626932
Bosnia and Herzegovina,8.11,BAM,1.27,5.0,77.3,Bosnian,2.16,43.915886,17.679076,43.1,51197.0,104.9,20.0478,,23.3,20.4,18.42,Bosnia and Herzegovina,Europe,87374,2620,51197,3286666
Botswana,24.82,BWP,2.87,30.0,69.3,English,0.37,-22.328474,24.684866,45.6,581730.0,149.75,18.3405,103.2,24.9,19.5,18.19,Botswana,Africa,9992,31,581730,2359104
Brazil,13.92,BRL,1.73,12.8,75.7,Portuguese,2.15,-14.235004,-51.92528,33.9,8515770.0,167.4,1839.758,115.4,51.3,14.2,12.08,Brazil,South America,6314740,172833,8515767,212877712
Brunei,14.9,BND,1.85,9.8,75.7,Malay,1.61,4.535277,114.727669,2.7,5765.0,99.03,13.4694,103.2,31.4,,9.12,Brunei,Asia,0,0,5765,436268
Bulgaria,8.9,BGN,1.56,5.9,74.9,Bulgarian,4.03,42.733883,25.48583,46.3,110879.0,114.42,86.0,89.3,71.0,20.2,4.34,Bulgaria,Europe,142486,3814,110994,6951321
Burkina Faso,37.93,XOF,5.19,49.0,61.2,French,0.08,12.238333,-1.561593,44.2,274200.0,106.58,15.7458,96.1,6.5,15.0,6.26,Burkina Faso,Africa,2886,68,274200,20736852
Burundi,39.01,BIF,5.41,41.0,61.2,Kirundi,0.1,-3.373056,29.918886,79.2,27830.0,182.11,3.0123,121.4,6.1,13.6,1.43,Burundi,Africa,689,1,27834,11787905
Ivory Coast,35.74,XOF,4.65,59.4,57.4,French,0.23,7.539989,-5.54708,64.8,322463.0,111.61,58.7922,99.8,9.3,11.8,3.32,Ivory Coast,Africa,0,0,322463,26188778
Cambodia,22.46,,2.5,24.0,69.6,Khmer language,0.17,12.565679,104.990963,30.9,181035.0,127.63,27.0894,107.4,13.7,17.1,0.68,Cambodia,Asia,326,0,181035,16651996
Cameroon,35.39,XAF,4.57,50.6,58.9,French,0.09,7.369722,12.354722,20.6,475440.0,118.65,38.7605,103.4,12.8,12.8,3.38,Cameroon,Africa,24487,441,475442,26354128
Canada,10.1,CAD,1.5,4.3,81.9,French,2.61,56.130366,-106.346771,6.9,9984670.0,116.76,1736.4256,100.9,68.9,12.8,5.56,Canada,North America,370278,12032,9984670,37436962
Central African Republic,35.35,,4.72,84.5,52.8,French,0.06,6.611111,20.939444,8.2,622984.0,186.86,2.2203,102.0,3.0,8.6,3.68,Central African Republic,Africa,4918,63,622984,4805444
Chad,42.17,XAF,5.75,71.4,54.0,French,0.04,15.454166,18.732207,39.7,1284000.0,117.7,11.315,86.8,3.3,,1.89,Chad,Africa,1688,101,1284000,16288987
Chile,12.43,CLP,1.65,6.2,80.0,Spanish,2.59,-35.675147,-71.542969,21.2,756096.0,131.91,282.3182,101.4,88.5,18.2,7.09,Chile,South America,551743,15410,756950,19068771
China,10.9,CNY,1.69,7.4,77.0,Standard Chinese,1.98,35.86166,104.195397,56.2,9596960.0,125.08,19910.0,100.2,50.6,9.4,4.32,China,Asia,93577,4750,9600000,1419684895
Colombia,14.88,COP,1.81,12.2,77.1,Spanish,2.18,4.570868,-74.297333,40.3,1138910.0,140.95,323.8028,114.5,55.3,14.4,9.71,Colombia,South America,1308376,36584,1138910,50726056
Comoros,31.88,KMF,4.21,51.3,64.1,French,0.27,-11.6455,43.3333,71.5,2235.0,103.62,1.1857,99.5,9.0,,4.34,Comoros,Africa,611,7,1861,864231
Costa Rica,13.97,CRC,1.75,7.6,80.1,Spanish,2.89,9.748917,-83.753428,34.5,51100.0,128.85,61.7739,113.3,55.2,13.6,11.85,Costa Rica,North America,137093,1690,51100,5080672
Croatia,9.0,HRK,1.47,4.0,78.1,Croatian,3.0,45.1,15.2,27.6,56594.0,109.82,60.4156,96.5,67.9,22.0,6.93,Croatia,Europe,126612,1712,56594,4081118
Cuba,10.17,CUP,1.62,3.7,78.7,Spanish,8.42,21.521757,-77.781167,59.9,110860.0,,100.023,101.9,41.4,,1.64,Cuba,North America,8284,135,109884,11328609
Cyprus,10.46,EUR,1.33,1.9,80.8,Greek,1.95,35.126413,33.429859,12.2,9251.0,102.51,24.5646,99.3,75.9,24.5,7.27,Cyprus,Europe,10383,48,9251,1204820
Czech Republic,10.7,CZK,1.69,2.7,79.0,Czech,4.12,49.817492,15.472962,45.2,78867.0,116.48,246.4892,100.7,64.1,14.9,1.93,Czech Republic,Europe,0,0,78866,10693500
Denmark,10.6,DKK,1.73,3.6,81.0,Danish,4.01,56.26392,9.501785,62.0,43094.0,110.35,348.078,101.3,80.6,32.4,4.91,Denmark,Europe,79352,829,42933,5809654
Djibouti,21.47,DJF,2.73,49.8,66.6,French,0.22,11.825138,42.590275,73.4,23200.0,120.25,3.3187,75.3,5.3,,10.3,Djibouti,Africa,5679,61,23200,983842
Dominica,12.0,XCD,1.9,32.9,76.6,English,1.08,15.414999,-61.370976,33.3,751.0,103.87,0.596,114.7,7.2,22.1,,Dominica,North America,85,0,750,71934
Dominican Republic,19.51,DOP,2.35,24.1,73.9,Spanish,1.56,18.735693,-70.162651,48.7,48670.0,135.5,88.9413,105.7,59.9,13.0,5.84,Dominican Republic,North America,143988,2331,48442,10816488
Ecuador,19.72,USD,2.43,12.2,76.8,Spanish,2.04,-1.831239,-78.183406,22.2,283561.0,124.14,107.4357,103.3,44.9,,3.97,Ecuador,South America,192685,13461,283560,17565513
Egypt,26.38,EGP,3.33,18.1,71.8,Modern Standard Arabic,0.45,26.820553,30.802498,3.8,1001450.0,288.57,303.1751,106.3,35.2,12.5,10.76,Egypt,Africa,115911,6650,1002450,101775306
El Salvador,18.25,,2.04,11.8,73.1,Spanish,1.57,13.794185,-88.89653,76.4,21041.0,111.23,27.0226,94.8,29.4,18.1,4.11,El Salvador,Central America,38405,1114,21041,6476756
Equatorial Guinea,33.24,XAF,4.51,62.6,58.4,Spanish,0.4,1.650801,10.267895,10.1,28051.0,124.35,11.0268,61.8,1.9,6.1,6.43,Equatorial Guinea,Africa,5153,85,28050,1389590
Eritrea,30.3,ERN,4.06,31.3,65.9,Tigrinya,0.06,15.179384,39.782334,75.2,117600.0,,2.065,68.4,3.4,,5.14,Eritrea,Africa,577,0,117600,4950229
Estonia,10.9,EUR,1.59,2.1,78.2,Estonian,4.48,58.595272,25.013607,23.1,45228.0,122.14,31.3869,97.2,69.6,20.9,5.11,Estonia,Europe,12052,112,45227,1329366
Eswatini,,,,,,English,,-26.522503,31.465866,,17364.0,,3.7913,,,28.6,,Eswatini,Africa,0,0,17364,1129262
Ethiopia,32.34,ETB,4.25,39.1,66.2,Amharic,0.08,9.145,40.489673,36.3,1104300.0,143.86,96.1077,101.0,8.1,7.5,2.08,Ethiopia,Africa,110074,1706,1127127,114138109
Fiji,21.28,FJD,2.77,21.6,67.3,Fiji Hindi,0.84,-17.713371,178.065032,23.3,18274.0,132.3,5.5355,106.4,16.1,24.2,4.1,Fiji,Oceana,42,2,18333,894578
Finland,8.6,EUR,1.41,1.4,81.7,Swedish,3.81,61.92411,25.748151,7.5,338145.0,112.33,268.7612,100.2,88.2,20.8,6.59,Finland,Europe,24629,393,338440,5532318
France,11.3,EUR,1.88,3.4,82.5,French,3.27,46.227638,2.213749,52.4,643801.0,110.05,2715.5183,102.5,65.6,24.2,8.43,France,Europe,2179481,51965,643801,66196946
Gabon,31.61,XAF,3.97,32.7,66.2,French,0.68,-0.803689,11.609444,20.0,267667.0,122.19,16.658,139.9,8.3,10.2,20.0,Gabon,Africa,9191,59,267667,2210514
The Gambia,38.54,GMD,5.22,39.0,61.7,English,0.1,13.443182,-15.310139,59.8,11300.0,172.73,1.7638,98.0,2.7,9.4,9.06,Gambia,Africa,3742,123,11295,2396973
Georgia,13.47,GEL,2.06,8.7,73.6,Georgian,7.12,42.315407,43.356892,34.5,69700.0,133.61,17.7432,98.6,63.9,21.7,14.4,Georgia,Europe,135584,1267,153909,3853180
Germany,9.5,EUR,1.56,3.1,80.9,German,4.25,51.165691,10.451526,47.7,357022.0,112.85,3845.63,104.0,70.2,11.5,3.04,Germany,Europe,1053869,16248,357386,83514562
Ghana,29.41,GHS,3.87,34.9,63.8,English,0.14,7.946527,-1.023194,69.0,238533.0,268.36,66.9836,104.8,15.7,12.6,4.33,Ghana,Africa,51667,323,238535,31072478
Greece,8.1,EUR,1.35,3.6,81.3,Greek,5.48,39.074208,21.824312,47.6,131957.0,101.87,209.8528,99.6,136.6,26.2,17.24,Greece,Europe,104227,2321,131957,10559136
Grenada,16.47,XCD,2.06,13.7,72.4,English,1.41,12.1165,-61.679,23.5,349.0,107.43,1.2282,106.9,104.6,19.4,,Grenada,North America,41,0,344,112372
Guatemala,24.56,GTQ,2.87,22.1,74.1,Spanish,0.35,15.783471,-90.230759,36.0,108889.0,142.92,76.7104,101.9,21.8,10.6,2.46,Guatemala,North America,122062,4171,108889,17330925
Guinea,36.36,GNF,4.7,64.9,61.2,French,0.08,9.945587,-9.696645,59.0,245857.0,262.95,13.5903,91.5,11.6,10.8,4.3,Guinea,Africa,13097,76,245857,13029492
Guinea-Bissau,35.13,XOF,4.48,54.0,58.0,Portuguese,0.13,11.803749,-15.180413,58.0,36125.0,111.65,1.3404,118.7,2.6,10.3,2.47,Guinea-Bissau,Africa,2422,43,36125,1954523
Guyana,19.97,GYD,2.46,25.1,69.8,English,0.8,4.860416,-58.93018,8.6,214969.0,116.19,4.2804,97.8,11.6,,11.85,Guyana,South America,5376,150,214969,785457
Haiti,24.35,HTG,2.94,49.5,63.7,French,0.23,18.971187,-72.285215,66.8,27750.0,179.29,8.499,113.6,1.1,,13.78,Haiti,North America,9294,233,27750,11362356
Honduras,21.6,HNL,2.46,15.1,75.1,Spanish,0.31,15.199999,-86.241905,28.9,112090.0,150.34,25.0954,91.5,26.2,17.3,5.39,Honduras,Central America,107888,2909,112492,9859043
Hungary,9.6,HUF,1.54,3.6,75.8,Hungarian,3.41,47.162494,19.503304,58.4,93028.0,121.64,160.9672,100.8,48.5,23.0,3.4,Hungary,Europe,217122,4823,93030,9710048
Iceland,12.0,ISK,1.71,1.5,82.7,Icelandic,4.08,64.963051,-19.020835,18.7,103000.0,129.0,24.188,100.4,71.8,23.3,2.84,Iceland,Europe,5381,26,103000,351745
India,17.86,INR,2.22,29.9,69.4,Hindi,0.86,20.593684,78.96288,60.4,3287263.0,180.44,2611.0,113.0,28.1,11.2,5.36,India,Asia,9462809,137621,3287263,1376085842
Indonesia,18.07,IDR,2.31,21.1,71.5,Indonesian,0.43,-0.789275,113.921327,31.5,1904569.0,151.18,1119.1908,106.4,36.3,10.2,4.69,Indonesia,Asia,538883,16945,1904569,272477293
Iran,18.78,IRR,2.14,12.4,76.5,Persian,1.58,32.427908,53.688046,28.2,1648195.0,550.93,445.3453,110.7,68.1,7.4,11.38,Iran,Asia,0,0,1648195,83682240
Iraq,29.08,IQD,3.67,22.5,70.5,Arabic,0.71,33.223191,43.679291,21.4,438317.0,119.86,234.094,108.7,16.2,2.0,12.82,Iraq,Asia,552549,12258,437072,39961060
Republic of Ireland,12.5,EUR,1.75,3.1,82.3,Irish,3.31,53.41291,-8.24389,64.5,70273.0,106.58,388.6987,100.9,77.8,18.3,4.93,Ireland,Europe,72241,2052,84421,4984138
Israel,20.8,ILS,3.09,3.0,82.8,Hebrew,4.62,31.046051,34.851612,24.6,20770.0,108.15,395.0987,104.9,63.4,23.1,3.86,Israel,Asia,332192,2831,22145,8883351
Italy,7.3,EUR,1.29,2.6,82.9,Italian,3.98,41.87194,12.56738,43.2,301340.0,110.62,2001.2444,101.9,61.9,24.3,9.89,Italy,Europe,1585178,54904,301340,60361087
Jamaica,16.1,JMD,1.98,12.4,74.4,Jamaican English,1.31,18.109581,-77.297508,41.0,10991.0,162.47,16.4581,91.0,27.1,26.8,8.0,Jamaica,The Caribean,10763,257,10992,2957440
Japan,7.4,,1.42,1.8,84.2,,2.41,36.204824,138.252924,12.3,377944.0,105.48,5081.7695,98.8,63.2,11.9,2.29,Japan,Asia,148694,2139,377915,126271030
Jordan,21.98,JOD,2.76,13.9,74.4,Arabic,2.32,30.585164,36.238414,12.0,89342.0,125.6,43.7437,81.5,34.4,15.1,14.72,Jordan,Asia,219430,2751,89342,10173882
Kazakhstan,21.77,KZT,2.84,8.8,73.2,Russian,3.25,48.019573,66.923684,80.4,2724900.0,182.75,180.1617,104.4,61.7,11.7,4.59,Kazakhstan,Asia,173806,2477,2700000,18693066
Kenya,28.75,KES,3.49,30.6,66.3,Swahili,0.16,-0.023559,37.906193,48.5,580367.0,180.51,95.5031,103.2,11.5,15.1,2.64,Kenya,Africa,83618,1469,580367,53428295
Kiribati,27.89,AUD,3.57,41.2,68.1,English,0.2,1.8368976,-157.3768317,42.0,811.0,99.55,0.1946,101.3,,22.0,,Kiribati,Oceana,0,0,811,118919
Kuwait,13.94,KWD,2.08,6.7,75.4,Modern Standard Arabic,2.58,29.31166,47.481766,8.4,17818.0,126.6,134.7612,92.4,54.4,1.4,2.18,Kuwait,Asia,142635,880,17818,4252312
Kyrgyzstan,27.1,KGS,3.3,16.9,71.4,Russian,1.88,41.20438,74.766098,55.0,199951.0,155.68,8.4546,107.6,41.3,18.0,6.33,Kyrgyzstan,Asia,72807,1271,199900,6513636
Laos,23.55,LAK,2.67,37.6,67.6,Lao,0.37,19.85627,102.495496,10.3,236800.0,135.87,18.1738,102.4,15.0,12.9,0.63,Laos,Asia,0,0,237955,7245086
Latvia,10.0,EUR,1.6,3.3,74.7,Latvian,3.19,56.879635,24.603189,31.1,64589.0,116.86,34.1172,99.4,88.1,22.9,6.52,Latvia,Europe,16975,197,64589,1895200
Lebanon,17.55,LBP,2.09,6.4,78.9,Arabic,2.1,33.854721,35.862285,64.3,10400.0,130.02,53.367,95.1,26.3,15.3,6.23,Lebanon,Asia,127903,1018,10452,6834225
Lesotho,26.81,,3.14,65.7,53.7,English,0.07,-29.609988,28.233608,77.6,30355.0,155.86,2.4601,120.9,10.2,31.6,23.41,Lesotho,South America,2109,44,30355,2137355
Liberia,33.04,,4.32,53.5,63.7,English,0.04,6.428055,-9.429499,28.0,111369.0,223.13,3.0705,85.1,11.9,12.9,2.81,Liberia,Africa,1598,83,111369,5023300
Libya,18.83,LYD,2.24,10.2,72.7,Arabic,2.09,26.3351,17.228331,8.7,1759540.0,125.71,52.0763,109.0,60.5,,18.56,Libya,Africa,82809,1183,1760000,6844328
Liechtenstein,9.9,CHF,1.44,,83.0,German,,47.1410392,9.520935,32.2,160.0,,6.5529,104.7,35.6,,,Liechtenstein,Europe,1273,15,160,38096
Lithuania,10.0,EUR,1.63,3.3,75.7,Lithuanian,6.35,55.169438,23.881275,47.2,65300.0,118.38,54.2193,103.9,72.4,16.9,6.35,Lithuania,Europe,61325,506,65300,2746778
Luxembourg,10.3,EUR,1.37,1.9,82.1,Luxembourgish,3.01,49.815273,6.129583,53.7,2586.0,115.09,71.1049,102.3,19.2,26.5,5.36,Luxembourg,Europe,33973,306,2586,637872
Madagascar,32.66,MGA,4.08,38.2,66.7,French,0.18,-18.766947,46.869107,71.2,587041.0,184.33,14.0839,142.5,5.4,10.2,1.76,Madagascar,Africa,17341,251,587041,27485041
Malawi,34.12,MWK,4.21,35.3,63.8,English,0.04,-13.254308,34.301525,61.4,118484.0,418.34,7.6667,142.5,0.8,17.3,5.65,Malawi,Africa,6028,185,118484,18986920
Malaysia,16.75,MYR,2.0,6.7,76.0,Malaysian language,1.51,4.210484,101.975766,26.3,329847.0,121.46,364.7015,105.3,45.1,12.0,3.32,Malaysia,Asia,65697,360,329847,32495166
Maldives,14.2,,1.87,7.4,78.6,Divehi,4.56,3.202778,73.22068,26.3,298.0,99.7,5.7292,97.1,31.2,19.5,6.14,Maldives,Asia,13011,46,300,537794
Mali,41.54,XOF,5.88,62.0,58.9,French,0.13,17.570692,-3.996166,33.8,1240192.0,108.73,17.5101,75.6,4.5,11.6,7.22,Mali,Africa,4688,152,1240000,20081951
Malta,9.2,EUR,1.23,6.1,82.3,Maltese,2.86,35.937496,14.375416,32.4,316.0,113.45,14.7862,105.0,54.3,26.2,3.47,Malta,Europe,9501,128,316,472345
Marshall Islands,29.03,USD,4.05,27.4,65.2,Marshallese,0.42,7.131474,171.184478,63.9,181.0,,0.2213,84.7,23.7,17.8,,Marshall Islands,Oceana,4,0,181,59075
Mauritania,33.69,MRU,4.56,51.5,64.7,Arabic,0.19,21.00789,-10.940835,38.5,1030700.0,135.02,7.5938,99.9,5.0,,9.55,Mauritania,Africa,8424,172,1030700,4614294
Mauritius,10.2,MUR,1.41,13.6,74.4,French,2.53,-20.348404,57.552152,42.4,2040.0,129.91,14.1804,101.1,40.6,19.1,6.67,Mauritius,Africa,504,10,2040,1269182
Mexico,17.6,MXN,2.13,11.0,75.0,,2.38,23.634501,-102.552784,54.6,1964375.0,141.54,1258.2867,105.8,40.2,13.1,3.42,Mexico,North America,1107071,105655,1972550,127761435
Federated States of Micronesia,22.82,USD,3.05,25.6,67.8,English,0.18,7.425554,150.550812,31.4,702.0,112.1,0.4019,97.2,14.1,25.2,,Micronesia,Oceana,0,0,702,332516
Moldova,10.1,MDL,1.26,13.6,71.8,Romanian,3.21,47.411631,28.369885,74.2,33851.0,166.2,11.9554,90.6,39.8,17.7,5.47,Moldova,Europe,0,0,33846,3343844
Monaco,5.9,EUR,,2.6,,French,6.56,43.7384176,7.4246158,,2.0,,7.1848,,,,,Monaco,Europe,608,3,2,39162
Mongolia,24.13,MNT,2.9,14.0,69.7,Mongolian,2.86,46.862496,103.846656,71.5,1564116.0,195.76,13.8529,104.0,65.6,16.8,6.01,Mongolia,Asia,791,0,1564116,3263050
Montenegro,11.73,EUR,1.75,2.3,76.8,Montenegrin language,2.76,42.708678,19.37439,19.0,13812.0,116.32,5.4947,100.0,56.1,,14.88,Montenegro,Europe,34887,487,13812,625118
Morocco,18.94,MAD,2.42,19.2,76.5,Arabic,0.73,31.791702,-7.09262,68.5,446550.0,111.07,118.7253,113.9,35.9,21.9,9.02,Morocco,Africa,356335,5846,446550,37003787
Mozambique,37.52,MZN,4.85,54.0,60.2,Portuguese,0.08,-18.665695,35.529562,63.5,799380.0,182.31,14.9342,112.6,7.3,0.0,3.24,Mozambique,Africa,15701,131,801590,31001982
Myanmar,17.55,MMK,2.15,36.8,66.9,Burmese,0.68,21.916221,95.955974,19.5,676578.0,168.18,76.0859,112.3,18.8,5.4,1.58,Myanmar,Asia,89486,1918,676575,54304742
Namibia,28.64,,3.4,29.0,63.4,English,0.42,-22.95764,18.49041,47.1,824292.0,157.97,12.3665,124.2,22.9,27.1,20.27,Namibia,Africa,14380,152,824292,2527616
Nauru,,AUD,,,,English,,-0.522778,166.931503,,21.0,,0.133,,,,,Nauru,Oceana,0,0,21,10468
Nepal,19.89,NPR,1.92,26.7,70.5,Nepali,0.75,28.394857,84.124008,28.7,147181.0,188.73,30.6414,142.1,12.4,20.7,1.41,Nepal,Asia,233452,1508,147516,28985473
New Zealand,11.98,NZD,1.71,4.7,81.9,English,3.59,-40.900557,174.885971,40.5,268838.0,114.24,206.9288,100.0,82.0,29.0,4.07,New Zealand,Oceana,1703,25,268021,4839917
Nicaragua,20.64,NIO,2.4,15.7,74.3,Spanish,0.98,12.865416,-85.207229,42.1,130370.0,162.74,12.5209,120.6,17.4,15.6,6.84,Nicaragua,Central America,4629,160,130373,6601826
Niger,46.08,XOF,6.91,48.0,62.0,French,0.04,17.607789,8.081666,36.1,1267000.0,109.32,12.9281,74.7,4.4,11.8,0.47,Niger,Africa,1548,72,1270000,23952559
Nigeria,37.91,NGN,5.39,75.7,54.3,English,0.38,9.081999,8.675277,77.7,923768.0,267.51,448.1204,84.7,10.2,1.5,8.1,Nigeria,Africa,67557,1173,923768,204659654
Norway,10.4,NOK,1.56,2.1,82.8,Norwegian,2.92,60.472024,8.468946,2.7,323802.0,120.27,403.3364,100.3,82.0,23.9,3.35,Norway,Europe,34747,328,385207,5393548
Oman,19.19,OMR,2.89,9.8,77.6,Arabic,2.0,21.4735329,55.975413,4.6,309500.0,113.53,76.9831,103.4,38.0,2.5,2.67,Oman,Asia,123699,1423,309501,5214835
Pakistan,28.25,PKR,3.51,57.2,67.1,Urdu,0.98,30.375321,69.345116,47.8,796095.0,182.32,304.4,94.3,9.0,9.2,4.45,Pakistan,Asia,398024,8025,881913,219653408
Palau,14.0,USD,2.21,16.6,69.1,English,1.18,7.51498,134.58252,10.9,459.0,118.17,0.284,112.6,54.7,21.3,,Palau,Oceana,0,0,458,18182
Panama,18.98,,2.46,13.1,78.3,Spanish,1.57,8.537981,-80.782127,30.4,75420.0,122.07,66.8008,94.4,47.8,,3.9,Panama,Central America,164729,3060,75517,4295164
Papua New Guinea,27.07,PGK,3.56,38.0,64.3,Tok Pisin,0.07,-6.314993,143.95555,2.6,462840.0,155.99,24.9696,108.5,1.8,13.6,2.46,Papua New Guinea,Oceana,656,7,462840,12963477
Paraguay,20.57,PYG,2.43,17.2,74.1,Spanish,1.35,-23.442503,-58.443832,55.1,406752.0,143.82,38.1453,104.4,34.6,10.0,4.81,Paraguay,South America,81906,1743,406752,7107292
Peru,17.95,PEN,2.25,11.1,76.5,Spanish,1.27,-9.189967,-75.015152,18.5,1285216.0,129.78,226.8481,106.9,70.7,14.3,3.31,Peru,South America,962530,35923,1285220,32839470
Philippines,20.55,PHP,2.58,22.5,71.1,English,0.6,12.879721,121.774017,41.7,300000.0,129.61,376.7955,107.5,35.5,14.0,2.15,Philippines,Asia,431630,8392,300000,109160760
Poland,10.2,PLN,1.46,3.8,77.6,Polish,2.38,51.919438,19.145136,46.9,312685.0,114.11,592.1644,100.0,67.8,17.4,3.47,Poland,Europe,985075,17029,312679,37900066
Portugal,8.5,EUR,1.38,3.1,81.3,Portuguese,5.12,39.399872,-8.224454,39.5,92212.0,110.62,237.6861,106.2,63.9,22.8,6.33,Portugal,Europe,294799,4427,92212,10226856
Qatar,9.54,QAR,1.87,5.8,80.1,Arabic,2.49,25.354826,51.183884,5.8,11586.0,115.38,183.4662,103.8,17.9,14.7,0.09,Qatar,Asia,138833,237,11571,2867022
Romania,9.6,RON,1.71,6.1,75.4,Romanian,2.98,45.943161,24.96676,58.8,238391.0,123.78,250.0774,85.2,49.4,14.6,3.98,Romania,Europe,471536,11193,238397,19270476
Russia,11.5,RUB,1.57,6.1,72.7,Russian,4.01,61.52401,105.318756,13.3,17098240.0,180.75,1699.8766,102.6,81.9,11.4,4.59,Russia,Europe,0,0,17125200,145167128
Rwanda,31.7,RWF,4.04,27.0,68.7,Swahili,0.13,-1.940278,29.873888,73.4,26338.0,151.09,10.1225,133.0,6.7,14.3,1.03,Rwanda,Africa,5934,49,26338,12859465
Saint Lucia,12.0,XCD,1.44,14.9,76.1,English,0.64,13.909444,-60.978893,17.4,616.0,110.13,2.1225,102.6,14.1,18.2,20.71,Saint Lucia,North America,257,2,617,183386
Saint Vincent and the Grenadines,14.24,XCD,1.89,14.8,72.4,English,0.66,12.984305,-61.287228,25.6,389.0,109.67,0.8254,113.4,23.7,25.4,18.88,Saint Vincent and the Grenadines,North America,0,0,389,105772
Samoa,24.38,WST,3.88,13.6,73.2,Samoan,0.34,-13.759029,-172.104629,12.4,2831.0,117.56,0.8507,110.5,7.6,25.5,8.36,Samoa,Oceana,0,0,2842,200739
San Marino,6.8,EUR,1.26,1.7,85.4,Italian,6.11,43.94236,12.457777,16.7,61.0,110.63,1.6379,108.1,42.5,18.1,,San Marino,Europe,1609,45,61,33910
Sï¿½ï¿½ï¿½ï¿½ï¿½ï¿½ï¿½ï¿½ï¿½ï¿½ï¿½,31.54,STN,4.32,24.4,70.2,,0.05,,,50.7,964.0,185.09,0.429,106.8,13.4,14.6,13.37,Sao Tome and Principe,Africa,991,17,1001,217985
Saudi Arabia,17.8,SAR,2.32,6.0,75.0,Arabic,2.61,23.885942,45.079162,80.8,2149690.0,118.4,792.9668,99.8,68.0,8.9,5.93,Saudi Arabia,Asia,357360,5896,2150000,34657576
Senegal,34.52,XOF,4.63,31.8,67.7,French,0.07,14.497401,-14.452362,46.1,196722.0,109.25,23.5781,81.0,12.8,16.3,6.6,Senegal,Africa,16089,333,196722,16616426
Serbia,9.2,RSD,1.49,4.8,75.5,Serbian,3.11,44.016521,21.005859,39.3,77474.0,144.0,51.4092,100.3,67.2,18.6,12.69,Serbia,Europe,169214,1549,88361,7833836
Seychelles,17.1,SCR,2.41,12.4,72.8,French,0.95,-4.679574,55.491977,3.4,455.0,129.96,1.6988,100.4,17.1,34.1,,Seychelles,Africa,172,0,458,98115
Sierra Leone,33.41,SLL,4.26,78.5,54.3,English,0.03,8.460555,-11.779889,54.7,71740.0,234.16,3.9415,112.8,2.0,8.6,4.43,Sierra Leone,Africa,2412,74,71740,7930173
Singapore,8.8,SGD,1.14,2.3,83.1,Malay,2.29,1.352083,103.819836,0.9,716.0,114.41,372.0625,100.6,84.8,13.1,4.11,Singapore,Asia,58218,29,726,5786719
Slovakia,10.6,EUR,1.52,4.6,77.2,Slovak,3.42,48.669026,19.699024,39.2,49035.0,115.34,105.4223,98.7,46.6,18.7,5.56,Slovakia,Europe,105733,816,49035,5457412
Slovenia,9.4,EUR,1.6,1.7,81.0,Slovene language,3.09,46.151241,14.995463,30.7,20273.0,111.05,53.7422,100.4,78.6,18.6,4.2,Slovenia,Europe,75381,927,20271,2083502
Solomon Islands,32.44,SBD,4.4,17.1,72.8,English,0.19,-9.64571,160.156194,3.9,28896.0,133.06,1.4251,106.2,,29.5,0.58,Solomon Islands,Oceana,17,0,28400,682020
Somalia,41.75,SOS,6.07,76.6,57.1,Arabic,0.02,5.152149,46.199616,70.3,637657.0,,4.7207,23.4,2.5,0.0,11.35,Somalia,Africa,4451,113,637657,15765082
South Africa,20.51,ZAR,2.41,28.5,63.9,Afrikaans,0.91,-30.559482,22.937506,79.8,1219090.0,158.93,351.4316,100.9,22.4,27.5,28.18,South Africa,Africa,790004,21535,12199912,59093330
South Sudan,35.01,SSP,4.7,63.7,57.6,English,,6.8769919,31.3069788,,644329.0,4583.71,11.9978,73.0,,,12.24,South Sudan,Africa,3109,61,619745,11155937
Spain,7.9,EUR,1.26,2.5,83.3,Spanish,3.87,40.463667,-3.74922,52.6,505370.0,110.96,1394.1163,102.7,88.9,14.2,13.96,Spain,Europe,1628208,44668,505990,46919581
Sri Lanka,15.83,LKR,2.2,6.4,76.8,Tamil,1.0,7.873054,80.771797,43.7,65610.0,155.53,84.0088,100.2,19.6,11.9,4.2,Sri Lanka,Asia,23484,116,65610,21627078
Sudan,32.18,SDG,4.41,42.1,65.1,Arabic,0.26,12.862807,30.217636,28.7,1861484.0,1344.19,18.9023,76.8,16.9,8.0,16.53,Sudan,Africa,17810,1249,1886068,43553714
Suriname,18.54,SRD,2.42,16.9,71.6,Dutch,1.21,3.919305,-56.027783,0.6,163820.0,294.66,3.9853,108.8,12.6,19.5,7.33,Suriname,South America,5312,117,163821,585120
Sweden,11.4,SEK,1.76,2.2,82.5,Swedish,3.98,60.128161,18.643501,7.4,450295.0,110.51,530.8329,126.6,67.0,27.9,6.48,Sweden,Europe,243129,6681,450295,10205698
Switzerland,10.0,CHF,1.52,3.7,83.6,German,4.3,46.818188,8.227512,38.4,41277.0,99.55,703.0824,105.2,59.6,10.1,4.58,Switzerland,Europe,317017,4236,41285,8628155
Syria,23.69,SYP,2.81,14.0,71.8,Arabic,1.22,34.802075,38.996815,75.8,185180.0,143.2,40.405,81.7,40.1,14.2,8.37,Syria,Asia,0,0,185180,17377940
Tajikistan,30.76,TJS,3.59,30.4,70.9,Persian,1.7,38.861034,71.276093,34.1,144100.0,148.57,8.1166,100.9,31.3,9.8,11.02,Tajikistan,Asia,12155,86,143100,9475834
Tanzania,36.7,TZS,4.89,37.6,65.0,Swahili,0.01,-6.369028,34.888822,44.8,947300.0,187.43,63.1771,94.2,4.0,11.5,1.98,Tanzania,Africa,0,0,945087,59242640
Thailand,10.34,THB,1.53,7.8,76.9,Thai,0.81,15.870032,100.992541,43.3,513120.0,113.27,543.65,99.8,49.3,14.9,0.75,Thailand,Asia,3998,60,513120,69749678
Togo,33.11,XOF,4.32,47.4,60.8,French,0.08,8.619543,0.824782,70.2,56785.0,113.3,5.46,123.8,14.5,16.9,2.04,Togo,Africa,2946,64,56785,8222729
Tonga,24.3,TOP,3.56,13.4,70.8,Tongan Language,0.52,-21.178986,-175.198242,45.8,747.0,121.09,0.4504,116.3,6.4,22.3,1.12,Tonga,Oceana,0,0,747,103208
Trinidad and Tobago,12.94,TTD,1.73,16.4,73.4,English,4.17,10.691803,-61.222503,10.5,5128.0,141.75,24.1002,106.2,12.0,19.5,2.69,Trinidad and Tobago,North America,0,0,0,697486
Tunisia,17.56,TND,2.2,14.6,76.5,Arabic,1.3,33.886917,9.537499,64.8,163610.0,155.33,38.7977,115.4,31.7,21.1,16.02,Tunisia,Africa,96769,3260,0,5847360
Turkey,16.03,TRY,2.07,9.1,77.4,Turkish,1.85,38.963745,35.243322,49.8,783562.0,234.44,754.4117,93.2,23.9,17.9,13.49,Turkey,Asia,494351,13558,783562,84077912
Turkmenistan,23.83,TMT,2.79,39.3,68.1,Turkmen,2.22,38.969719,59.556278,72.0,488100.0,,40.7611,88.4,8.0,,3.91,Turkmenistan,Asia,0,0,491210,6005666
Tuvalu,,AUD,,20.6,,Tuvaluan Language,0.92,-7.109535,177.64933,60.0,26.0,,0.0473,86.0,,,,Tuvalu,Oceana,0,0,26,11750
Uganda,38.14,UGX,4.96,33.8,63.0,Swahili,0.17,1.373333,32.290275,71.9,241038.0,173.87,34.3872,102.7,4.8,11.7,1.84,Uganda,Africa,20459,205,241037,45323336
Ukraine,8.7,UAH,1.3,7.5,71.6,Ukrainian,2.99,48.379433,31.16558,71.7,603550.0,281.66,153.7811,99.0,82.7,20.1,8.88,Ukraine,Europe,732625,12327,603628,44004808
United Arab Emirates,10.33,AED,1.41,6.5,77.8,Arabic,2.53,23.424076,53.847818,5.5,83600.0,114.52,421.1423,108.4,36.8,0.1,2.35,United Arab Emirates,Asia,168860,572,83600,9855999
United Kingdom,11.0,GBP,1.68,3.6,81.3,English,2.81,55.378051,-3.435973,71.7,243610.0,119.62,2827.1132,101.2,60.0,25.5,3.85,United Kingdom,Europe,0,0,242495,67435630
United States,11.6,USD,1.73,5.6,78.5,,2.61,37.09024,-95.712891,44.4,9833517.0,117.24,21427.7,101.8,88.2,9.6,14.7,United States,North America,0,0,9834000,330032268
Uruguay,13.86,UYU,1.97,6.4,77.8,Spanish,5.05,-32.522779,-55.765835,82.6,176215.0,202.92,56.0459,108.5,63.1,20.1,8.73,Uruguay,South America,5716,76,176215,3470272
Uzbekistan,23.3,UZS,2.42,19.1,71.6,Uzbek,2.37,41.377491,64.585262,62.9,447400.0,,57.9213,104.2,10.1,14.8,5.92,Uzbekistan,Asia,72920,608,448978,33628940
Vanuatu,29.6,VUV,3.78,22.3,70.3,French,0.17,-15.376706,166.959158,15.3,12189.0,117.13,0.9171,109.3,4.7,17.8,4.39,Vanuatu,Oceana,1,0,12189,305074
Venezuela,17.88,VED,2.27,21.4,72.1,Spanish,1.92,6.42375,-66.58973,24.5,912050.0,2740.27,482.3593,97.2,79.3,,8.8,Venezuela,South America,0,0,916445,28459050
Vietnam,16.75,VND,2.05,16.5,75.3,Vietnamese,0.82,14.058324,108.277199,39.3,331210.0,163.52,261.9212,110.6,28.5,19.1,2.01,Vietnam,Asia,0,0,331212,97082436
Yemen,30.45,YER,3.79,42.9,66.1,Arabic,0.31,15.552727,48.516388,44.6,527968.0,157.58,26.9144,93.6,10.2,,12.91,Yemen,Asia,2081,606,527968,29636402
Zambia,36.19,ZMW,4.63,40.4,63.5,English,1.19,-13.133897,27.849332,32.1,752618.0,212.31,23.0647,98.7,4.1,16.2,11.43,Zambia,Africa,17647,357,752618,18235182
Zimbabwe,30.68,,3.62,33.9,61.2,Shona,0.21,-19.015438,29.154857,41.9,390757.0,105.51,21.4408,109.9,10.0,20.7,4.95,Zimbabwe,Africa,10034,277,390757,14800590
